-- ============================================================
-- Spring AI Alibaba Multi-Agent Demo 初始化数据
-- ============================================================

USE `coffee_shop`;

-- ============================================================
-- 0. 字典参考数据 (Reference)
-- ============================================================

-- 用户状态 (user_status)
INSERT INTO `reference` (`ref_type`, `ref_key`, `ref_value`, `ref_code`, `sort_order`, `is_active`, `created_at`, `updated_at`) VALUES
('user_status', 'disabled', '禁用', 0, 1, 1, '2025-01-01 00:00:00', '2025-01-01 00:00:00'),
('user_status', 'active', '正常', 1, 2, 1, '2025-01-01 00:00:00', '2025-01-01 00:00:00');

-- 甜度 (sweetness)
INSERT INTO `reference` (`ref_type`, `ref_key`, `ref_value`, `ref_code`, `sort_order`, `is_active`, `created_at`, `updated_at`) VALUES
('sweetness', 'no_sugar', '无糖', 1, 1, 1, '2025-01-01 00:00:00', '2025-01-01 00:00:00'),
('sweetness', 'light_sugar', '微糖', 2, 2, 1, '2025-01-01 00:00:00', '2025-01-01 00:00:00'),
('sweetness', 'half_sugar', '半糖', 3, 3, 1, '2025-01-01 00:00:00', '2025-01-01 00:00:00'),
('sweetness', 'less_sugar', '少糖', 4, 4, 1, '2025-01-01 00:00:00', '2025-01-01 00:00:00'),
('sweetness', 'standard_sugar', '标准糖', 5, 5, 1, '2025-01-01 00:00:00', '2025-01-01 00:00:00');

-- 冰度/温度 (ice_level)
INSERT INTO `reference` (`ref_type`, `ref_key`, `ref_value`, `ref_code`, `sort_order`, `is_active`, `created_at`, `updated_at`) VALUES
('ice_level', 'hot', '热饮', 1, 1, 1, '2025-01-01 00:00:00', '2025-01-01 00:00:00'),
('ice_level', 'warm', '温饮', 2, 2, 1, '2025-01-01 00:00:00', '2025-01-01 00:00:00'),
('ice_level', 'no_ice', '去冰', 3, 3, 1, '2025-01-01 00:00:00', '2025-01-01 00:00:00'),
('ice_level', 'less_ice', '少冰', 4, 4, 1, '2025-01-01 00:00:00', '2025-01-01 00:00:00'),
('ice_level', 'normal_ice', '正常冰', 5, 5, 1, '2025-01-01 00:00:00', '2025-01-01 00:00:00');

-- 饮品类型 (drink_type)
INSERT INTO `reference` (`ref_type`, `ref_key`, `ref_value`, `ref_code`, `sort_order`, `is_active`, `created_at`, `updated_at`) VALUES
('drink_type', 'americano', '美式', 1, 1, 1, '2025-01-01 00:00:00', '2025-01-01 00:00:00'),
('drink_type', 'latte', '拿铁', 2, 2, 1, '2025-01-01 00:00:00', '2025-01-01 00:00:00'),
('drink_type', 'cappuccino', '卡布奇诺', 3, 3, 1, '2025-01-01 00:00:00', '2025-01-01 00:00:00'),
('drink_type', 'mocha', '摩卡', 4, 4, 1, '2025-01-01 00:00:00', '2025-01-01 00:00:00'),
('drink_type', 'macchiato', '玛奇朵', 5, 5, 1, '2025-01-01 00:00:00', '2025-01-01 00:00:00'),
('drink_type', 'cold_brew', '冷萃', 6, 6, 1, '2025-01-01 00:00:00', '2025-01-01 00:00:00'),
('drink_type', 'flat_white', '澳白', 7, 7, 1, '2025-01-01 00:00:00', '2025-01-01 00:00:00');

-- 浓度 (strength)
INSERT INTO `reference` (`ref_type`, `ref_key`, `ref_value`, `ref_code`, `sort_order`, `is_active`, `created_at`, `updated_at`) VALUES
('strength', 'light', '轻度', 1, 1, 1, '2025-01-01 00:00:00', '2025-01-01 00:00:00'),
('strength', 'medium', '中度', 2, 2, 1, '2025-01-01 00:00:00', '2025-01-01 00:00:00'),
('strength', 'strong', '重度', 3, 3, 1, '2025-01-01 00:00:00', '2025-01-01 00:00:00');

-- 产品状态 (product_status)
INSERT INTO `reference` (`ref_type`, `ref_key`, `ref_value`, `ref_code`, `sort_order`, `is_active`, `created_at`, `updated_at`) VALUES
('product_status', 'offline', '下架', 0, 1, 1, '2025-01-01 00:00:00', '2025-01-01 00:00:00'),
('product_status', 'online', '上架', 1, 2, 1, '2025-01-01 00:00:00', '2025-01-01 00:00:00');

-- 反馈类型 (feedback_type)
INSERT INTO `reference` (`ref_type`, `ref_key`, `ref_value`, `ref_code`, `sort_order`, `is_active`, `created_at`, `updated_at`) VALUES
('feedback_type', 'product', '产品反馈', 1, 1, 1, '2025-01-01 00:00:00', '2025-01-01 00:00:00'),
('feedback_type', 'service', '服务反馈', 2, 2, 1, '2025-01-01 00:00:00', '2025-01-01 00:00:00'),
('feedback_type', 'complaint', '投诉', 3, 3, 1, '2025-01-01 00:00:00', '2025-01-01 00:00:00'),
('feedback_type', 'suggestion', '建议', 4, 4, 1, '2025-01-01 00:00:00', '2025-01-01 00:00:00'),
('feedback_type', 'taste', '口味反馈', 5, 5, 1, '2025-01-01 00:00:00', '2025-01-01 00:00:00');

-- ============================================================
-- 1. 用户数据 (User)
-- ============================================================
INSERT INTO `user` (`id`, `username`, `phone`, `email`, `nickname`, `status`, `created_at`, `updated_at`) VALUES
(1, 'user001', '13800138001', 'user001@example.com', '咖啡爱好者', 1, '2025-01-01 10:00:00', '2025-01-01 10:00:00'),
(2, 'user002', '13800138002', 'user002@example.com', '早起咖啡党', 1, '2025-01-02 14:30:00', '2025-01-02 14:30:00'),
(3, 'user003', '13800138003', 'user003@example.com', '美式控', 1, '2025-01-03 09:15:00', '2025-01-03 09:15:00'),
(4, 'user004', '13800138004', 'user004@example.com', '拿铁达人', 1, '2025-01-04 16:45:00', '2025-01-04 16:45:00'),
(5, 'user005', '13800138005', 'user005@example.com', '尝鲜派', 1, '2025-01-05 11:20:00', '2025-01-05 11:20:00');

-- ============================================================
-- 1.1. 用户偏好数据 (UserPreference)
-- ============================================================
INSERT INTO `user_preference` (`user_id`, `preferred_sweetness`, `preferred_ice_level`, `preferred_drink_type`, `preferred_strength`, `created_at`, `updated_at`) VALUES
(1, 2, 4, 'latte', 2, '2025-01-01 10:00:00', '2025-01-01 10:00:00'),
(2, 5, 3, 'americano', 3, '2025-01-02 14:30:00', '2025-01-02 14:30:00'),
(3, 1, 5, 'americano', 3, '2025-01-03 09:15:00', '2025-01-03 09:15:00'),
(4, 3, 2, 'cappuccino', 2, '2025-01-04 16:45:00', '2025-01-04 16:45:00'),
(5, 4, 4, 'latte', 1, '2025-01-05 11:20:00', '2025-01-05 11:20:00');

-- ============================================================
-- 2. 产品数据 (Product) - 咖啡店
-- ============================================================
INSERT INTO `product` (`id`, `name`, `description`, `price`, `stock`, `shelf_time`, `preparation_time`, `is_seasonal`, `season_start`, `season_end`, `is_regional`, `available_regions`, `status`, `created_at`, `updated_at`) VALUES
-- 经典咖啡系列
(1, '美式咖啡', '经典美式咖啡,香醇浓郁', 18.00, 100, 90, 3, 0, NULL, NULL, 0, NULL, 1, '2025-01-01 08:00:00', '2025-01-01 08:00:00'),
(2, '拿铁咖啡', '香浓拿铁,丝滑奶泡', 22.00, 80, 90, 5, 0, NULL, NULL, 0, NULL, 1, '2025-01-01 08:00:00', '2025-01-01 08:00:00'),
(3, '卡布奇诺', '经典意式卡布奇诺,奶香浓郁', 24.00, 90, 90, 6, 0, NULL, NULL, 0, NULL, 1, '2025-01-01 08:00:00', '2025-01-01 08:00:00'),

-- 特色咖啡系列
(4, '焦糖玛奇朵', '香甜焦糖搭配浓缩咖啡', 28.00, 60, 90, 6, 0, NULL, NULL, 0, NULL, 1, '2025-01-01 08:00:00', '2025-01-01 08:00:00'),
(5, '香草拿铁', '香草风味拿铁,清新香甜', 26.00, 50, 90, 5, 0, NULL, NULL, 0, NULL, 1, '2025-01-01 08:00:00', '2025-01-01 08:00:00'),
(6, '摩卡咖啡', '巧克力与咖啡的完美融合', 27.00, 45, 90, 7, 0, NULL, NULL, 0, NULL, 1, '2025-01-01 08:00:00', '2025-01-01 08:00:00'),

-- 季节限定产品
(7, '樱花拿铁', '春季限定,樱花口味拿铁', 26.00, 40, 90, 5, 1, '2025-03-01', '2025-05-31', 0, NULL, 1, '2025-02-15 10:00:00', '2025-02-15 10:00:00'),
(8, '冰镇西瓜咖啡', '夏季限定,清爽西瓜咖啡', 24.00, 50, 7, 8, 1, '2025-06-01', '2025-08-31', 0, NULL, 1, '2025-05-20 14:00:00', '2025-05-20 14:00:00'),
(9, '肉桂拿铁', '秋季限定,肉桂香味浓郁', 25.00, 45, 90, 6, 1, '2025-09-01', '2025-11-30', 0, NULL, 1, '2025-08-25 09:00:00', '2025-08-25 09:00:00'),

-- 区域限定产品
(10, '港式丝袜咖啡', '经典港式丝袜咖啡,口感顺滑', 22.00, 70, 90, 5, 0, NULL, NULL, 1, '华南地区', 1, '2025-01-01 08:00:00', '2025-01-01 08:00:00'),
(11, '台式风味咖啡', '传统台式风味咖啡', 23.00, 65, 90, 6, 0, NULL, NULL, 1, '华东地区', 1, '2025-01-01 08:00:00', '2025-01-01 08:00:00'),

-- 热销产品
(12, '燕麦拿铁', '健康燕麦搭配香浓拿铁', 26.00, 85, 90, 6, 0, NULL, NULL, 0, NULL, 1, '2025-01-01 08:00:00', '2025-01-01 08:00:00'),
(13, '冷萃咖啡', '低温萃取,口感清爽', 20.00, 95, 14, 5, 0, NULL, NULL, 0, NULL, 1, '2025-01-01 08:00:00', '2025-01-01 08:00:00'),
(14, '冰美式', '清爽冰美式,提神醒脑', 18.00, 100, 14, 3, 0, NULL, NULL, 0, NULL, 1, '2025-01-01 08:00:00', '2025-01-01 08:00:00');

-- ============================================================
-- 3. 订单数据 (Order) - 咖啡订单
-- ============================================================
INSERT INTO `order` (`id`, `order_id`, `user_id`, `product_id`, `product_name`, `sweetness`, `ice_level`, `quantity`, `unit_price`, `total_price`, `remark`, `created_at`, `updated_at`) VALUES
(1, 'ORD202501150001', 1, 1, '美式咖啡', 1, 5, 1, 18.00, 18.00, '不加糖', '2025-01-15 08:30:00', '2025-01-15 08:30:00'),
(2, 'ORD202501150002', 2, 2, '拿铁咖啡', 4, 3, 2, 22.00, 44.00, NULL, '2025-01-15 09:45:00', '2025-01-15 09:45:00'),
(3, 'ORD202501160001', 1, 4, '焦糖玛奇朵', 3, 4, 1, 28.00, 28.00, '常温', '2025-01-16 10:20:00', '2025-01-16 10:20:00'),
(4, 'ORD202501160002', 3, 5, '香草拿铁', 2, 4, 1, 26.00, 26.00, '多放奶泡', '2025-01-16 14:00:00', '2025-01-16 14:00:00'),
(5, 'ORD202501170001', 4, 6, '摩卡咖啡', 4, 2, 1, 27.00, 27.00, '要热饮', '2025-01-17 09:30:00', '2025-01-17 09:30:00'),
(6, 'ORD202501170002', 2, 1, '美式咖啡', 3, 5, 2, 18.00, 36.00, '正常冰', '2025-01-17 11:15:00', '2025-01-17 11:15:00'),
(7, 'ORD202501180001', 5, 12, '燕麦拿铁', 2, 3, 1, 26.00, 26.00, NULL, '2025-01-18 10:00:00', '2025-01-18 10:00:00'),
(8, 'ORD202501180002', 1, 13, '冷萃咖啡', 1, 4, 2, 20.00, 40.00, '少冰', '2025-01-18 15:20:00', '2025-01-18 15:20:00'),
(9, 'ORD202501190001', 3, 3, '卡布奇诺', 3, 2, 1, 24.00, 24.00, '多放奶泡', '2025-01-19 09:45:00', '2025-01-19 09:45:00'),
(10, 'ORD202501190002', 4, 14, '冰美式', 2, 5, 1, 18.00, 18.00, '正常冰', '2025-01-19 14:30:00', '2025-01-19 14:30:00');

-- ============================================================
-- 4. 反馈数据 (Feedback)
-- ============================================================
INSERT INTO `feedback` (`id`, `order_id`, `user_id`, `feedback_type`, `rating`, `content`, `solution`, `created_at`, `updated_at`) VALUES
-- 产品反馈
(1, 'ORD202501150001', 1, 1, 5, '美式咖啡味道很正宗,回甘不错!', NULL, '2025-01-15 09:00:00', '2025-01-15 09:00:00'),
(2, 'ORD202501160001', 1, 1, 4, '焦糖玛奇朵不错,就是稍微有点甜', NULL, '2025-01-16 11:00:00', '2025-01-16 11:00:00'),
(3, 'ORD202501170001', 4, 1, 5, '摩卡的巧克力味很浓郁,喜欢!', NULL, '2025-01-17 10:00:00', '2025-01-17 10:00:00'),

-- 服务反馈
(4, 'ORD202501150002', 2, 2, 4, '服务态度很好,制作速度也快', NULL, '2025-01-15 10:00:00', '2025-01-15 10:00:00'),
(5, 'ORD202501180002', 1, 2, 5, '店员很热情,还会推荐新品', NULL, '2025-01-18 16:00:00', '2025-01-18 16:00:00'),

-- 投诉
(6, 'ORD202501160002', 3, 3, 2, '点的常温但还是有点烫', '已致歉并赠送优惠券一张', '2025-01-16 15:00:00', '2025-01-16 15:00:00'),

-- 建议
(7, NULL, 5, 4, NULL, '希望可以推出更多低糖健康饮品', '已记录反馈,正在研发低糖系列', '2025-01-19 10:00:00', '2025-01-19 10:00:00'),
(8, NULL, 3, 4, NULL, '建议增加线上点单功能,减少排队时间', '线上点单功能已上线', '2025-01-19 11:00:00', '2025-01-19 11:00:00');

-- ============================================================
-- 查询验证语句 (可选)
-- ============================================================

-- 查询所有用户
-- SELECT * FROM user ORDER BY created_at DESC;

-- 查询用户偏好（关联字典表获取显示名称）
-- SELECT u.*, up.*, 
--        r_sweet.ref_value as sweetness_name,
--        r_ice.ref_value as ice_level_name,
--        r_strength.ref_value as strength_name
-- FROM user u
-- LEFT JOIN user_preference up ON u.id = up.user_id
-- LEFT JOIN reference r_sweet ON r_sweet.ref_type = 'sweetness' AND r_sweet.ref_code = up.preferred_sweetness
-- LEFT JOIN reference r_ice ON r_ice.ref_type = 'ice_level' AND r_ice.ref_code = up.preferred_ice_level
-- LEFT JOIN reference r_strength ON r_strength.ref_type = 'strength' AND r_strength.ref_code = up.preferred_strength
-- ORDER BY u.id;

-- 查询所有产品
-- SELECT * FROM product WHERE status = 1 ORDER BY id;

-- 查询季节限定产品
-- SELECT * FROM product WHERE is_seasonal = 1 AND CURDATE() BETWEEN season_start AND season_end;

-- 查询所有订单
-- SELECT o.*, u.username, p.name as product_name FROM `order` o LEFT JOIN user u ON o.user_id = u.id LEFT JOIN product p ON o.product_id = p.id ORDER BY o.created_at DESC;

-- 查询所有反馈
-- SELECT f.*, u.username, o.order_id FROM feedback f LEFT JOIN user u ON f.user_id = u.id LEFT JOIN `order` o ON f.order_id = o.order_id ORDER BY f.created_at DESC;

-- 统计每个产品的销量
-- SELECT p.name, COUNT(*) as order_count, SUM(o.quantity) as total_quantity FROM `order` o JOIN product p ON o.product_id = p.id GROUP BY p.id, p.name ORDER BY order_count DESC;

-- 统计反馈评分
-- SELECT feedback_type, AVG(rating) as avg_rating, COUNT(*) as count FROM feedback GROUP BY feedback_type;

-- ============================================================
-- 数据说明
-- ============================================================
-- 所有枚举值请参考 reference 表，使用 ref_code 字段作为业务代码
-- 
-- ref_type 类型说明:
-- - user_status: 用户状态 (0-禁用, 1-正常)
-- - sweetness: 甜度 (1-无糖, 2-微糖, 3-半糖, 4-少糖, 5-标准糖)
-- - ice_level: 冰度/温度 (1-热饮, 2-温饮, 3-去冰, 4-少冰, 5-正常冰)
-- - drink_type: 饮品类型 (美式、拿铁、卡布奇诺、摩卡等)
-- - strength: 浓度 (1-轻度, 2-中度, 3-重度)
-- - product_status: 产品状态 (0-下架, 1-上架)
-- - feedback_type: 反馈类型 (1-产品反馈, 2-服务反馈, 3-投诉, 4-建议, 5-口味反馈)
-- 
-- 查询字典示例:
-- SELECT * FROM reference WHERE ref_type = 'sweetness' AND is_active = 1 ORDER BY sort_order;
-- ============================================================
